{"hostname": "beboplogin4", "finite-diff": 245.3227033689618, "analytic": 302.32591738179326}