{"hostname": "beboplogin4", "finite-diff": 1956.7260671555996, "analytic": 5289.950896576978}