{"hostname": "beboplogin3", "finite-diff": 95.3339166790247, "analytic": 96.63822248205543}