{"hostname": "beboplogin3", "finite-diff": 306.2348163090646, "analytic": 300.2469820249826}