{"hostname": "beboplogin4", "finite-diff": 69.67011325154454, "analytic": 44.32100797444582}