{"hostname": "beboplogin2", "finite-diff": 10.152612844016403, "analytic": 2.5696145691908896}